CONTENT;BLOG_POST_SENTIMENT
IS-Fighting Britons Held At Heathrow Airport http://t.co/jFmzvbe4X2 #skynews #ebola #iphonewallpaper #hdwallpaper;no fear
How Effective Is Screening for #Ebola at Airports? http://t.co/0PL7M899AX #airport #MMWR #CDC via @AliceParkNY;fear
#Japan: More nurses to be sent to regional airports as #Ebola countermeasure http://t.co/kdMSZDRvJm #airport;fear
There is a child coughing to death in the biz class lounge at Vienna airport. They probably have Ebola.;fear
The Fear Of Ebola In The United State, Female Passenger Spotted At Dulles Airport Waering Hazmat Suit Ebola f,,, t,;fear
Sooo many coughers here at the airport,,pretty sure I have Ebola now;fear
RT @JanineLazarus The face masks on arrival at Kenneth Kaunda Airport are a jarring reminder of Ebola;fear
Suspected Ebola case at Brussels Airport http://t.co/93gETRT9hB;fear
http://t.co/T9ZA0HhRVR -  Ebola surveillance may cause airport delays É?? Ferguson    #FightEbola;no fear
Fuck Im scared to get Ebola at the airportã®´ã®´ã®´;fear
@roznewz Major stakeout at Frederick Airport, Waiting for Dallas Nurse Nina Pham, #Ebola @nfitz10 did you se;fear
US to ramp up airport screening for Ebola, Obama says;fear
Health Officials Promise Extra Airport Screening for Ebola;fear
News: DH engages airport stakeholders in interdepartmental Ebola Exercise TOPAZ - http://t.co/tUIjcYxs0o;fear
Study predicts likely Ebola cases entering UK and US through airport screening;fear
#Ebola #AirportScreening Finding Few Suspected Cases in #US . . . http://t.co/P2X4KIqdU1;no fear
#CDC #Recommends #Airport #Screenings #of #Passengers #Travelling #from #West #Africa: Since the Ebola outbreakÉ?› http://t.co/pSXYpfZ8p9;fear
Ebola reporter 'horrified' by airport lack of screening;fear
Ebola patient to stay under lens: The 26-year-old Ebola patient, who was quarantined at Delhi airport on NovemberÉ?› http://t.co/5fLXWSP4wB;fear
Ebola announcements at the Hong Kong airport don't make me feel very safe;fear
Airport screenings haven't turned up any Ebola patients: About 12,000 travelers from Ebola-affected countries ...  http://t.co/UMwuXrnYLZ;no fear
CDC: No #Ebola cases discovered during US #airport screenings!!! #EbolaResponse   http://t.co/dQ4lHFgVW6;no fear
A pilot just walked through wearing a face mask. DONT TOUCH THE CASTLE KIDS. THEY ALL HAVE EBOLA. #airport;fear
Ferry in the darkness from airport to city proper in Freetown #ebola http://t.co/pzNfC6SRBq;fear
@twaimz since u no longer have Ebola go back to that motherfuckin airport and tell them bitches I told you ã®´ http://t.co/vqLcDsM7Ja;fear
Press Alert: DH engages airport stakeholders in interdepartmental Ebola Exercise TOPAZ ... http://t.co/x3DaM8YfpU;fear
Suspected Ebola case at Brussels Airport http://t.co/ddvVtPetxh;fear
Work at an #airport? NIOSH has #ebola fact sheets for retail, food service,  customer service and other workers http://t.co/OmH2jO7J8T;fear
@shot_dragon Any screening policy is by definition prejudice. Temp screening people from Ebola areas at the airport is also prejudice.;no fear
Airport screenings haven't turned up any Ebola patients http://t.co/sDBO8lZ39I;no fear
if i get ebola or if theres a shoot out in the airport imma just break down crying right there;fear
Sneeze in a airport and everyone looks at you like you have Ebola;fear
Healthy amount of loud, brash and obnoxious Americans in Santiago Airport this morning #Ebola #corruption #IdiotOlympics;fear
I have a feeling that if I I cough at the airport people are going to think I have Ebola.. #thestruggle;fear
Passenger at Newark airport taken to hospital for Ebola evaluation   http://t.co/4waeGcOMdB;fear
RT @pogo_xx So what happens when a passenger fails the ebola test at a U. S. airport. Send them back? I doubt it. They become a U. S. problem.;fear
I just had to buy medicine at Dubai airport for 5 dollars. Fuck. I do have ebola guys;fear
Wow no one panic, the UK has Ebola sorted, Passengers at airport to have temperature taken have to fill out a;no fear
the #ebola fever screening machines at airport are good at 'catching' people who drink a lil bit too much alcohol on flights. #bodytemps;no fear
First stop Dallas. I hope I don't catch Ebola. @ Dallas/Fort Worth International Airport http://t.co/b6s55mK1bj;fear
RT @JohnWing5 Happiness is finding @DavidQuammen 's new book, 'Ebola', at the airport before flying. Hope it won't prompt any questions at customs.;no fear
I was able to sneak a couple of photos as I went through airport Ebola screening during my recent layover in... http://t.co/2ZOm7OoPgw;no fear
http://t.co/T9ZA0HhRVR -  These scientific studies show that airport Ebola screenings are largely ...    #FightEbola;fear
NIOSH #Ebola Fact Sheet for Airport Custodial Staff http://t.co/OmH2jO7J8T;fear
emergency services training at the airport, ebola case;fear
@mcrook92 @erinarox @hayleychilds I got checked for ebola at the airport, im cool at the moment. Hows Uk? We need to come here, and travel.;no fear
Doctor at the airport checking my passport or symptoms of Ebola http://t.co/c8xay612iU;fear
The face masks on arrival at Kenneth Kaunda Airport are a jarring reminder of Ebola;fear
Shrien Dewani Arrives At Cape Town Airport http://t.co/jFmzvbe4X2 #skynews #ebola #iphonewallpaper #hdwallpaper;fear
#Previously:  EmrUpdates: Fresh Ebola scare at Lagos airport http://t.co/xrkWBHzpPJ;fear
Flight got quarantined for Ebola GuangZhou BaiYun International Airport http://t.co/BNPRtpvxgj;fear
"Health Expert: Airport Ebola Screening Inefficient; Political Ploy http://t.co/5f2QLwR7bG  #TeaParty #tcot";fear
Ebola Screening Begins At Heathrow Airport http://t.co/57c0wqTLJY http://t.co/TKBlYWqh67;fear
If i am violently ill throughout the airport i'm probably going to get screened for ebola...right? #ugh;fear
Pilot who killed a family said to have crashed at same airport in 2010 ebola in delaware | Brian Brown's Officia... http://t.co/s4LrqPQW0n;fear
So there's an Ebola case here in newark airport and we still open, Lol, They don;fear
Why did cross contamination take place transporting #Ebola patient to Atlanta at airport, Man with no suit sup;fear
Plane Carrying Ebola-Infected Nurse Back In Service Cleveland airport director Ricky Smith says a plane,,, t,c;fear
RT @shawnboonstra NEW SURVEY:  100% of American passengers do not think in-airport post-cough Ebola jokes are amusing.;fear
Farewell to boost bids for airport ebola;fear
RT @AndrewNoymer More in my occasional series on #Ebola airport placards.  LAX.  None.;no fear
there was an african lady at the airport and people at the airport asked her if she had ebola ã®´ã®´ã®´ã®´;fear
Walao I sneezed at the airport and everyone look at me. Ebola ah?;fear
RT @32BJ_SEIU 32BJ & @SEIU are giving a training for PHL airport workers on dealing with infectious diseases like Ebola. http://t.co/NbcQYy6rbP;fear
Must not make ebola jokes while sneezing in airport;no fear
32BJ & @SEIU are giving a training for PHL airport workers on dealing with infectious diseases like Ebola. http://t.co/NbcQYy6rbP;fear
"Obama; Tougher Airport Ebola Screening, Good luck, we can't even stop murders, rapists etc";fear
Passenger at Newark airport taken to hospital for Ebola evaluation   http://t.co/4waeGcOMdB;fear
@ColleenB123 @MirandaSings I was wearing your merch at the airport while trying not to get ebolaã®´ã®´ã®´ http://t.co/Gg6eTG3CTQ;fear
@BbyDrew_1230 ã®´ã®´I know girl ! She was already talking about Ebola and the airport Lmaooo . She said she was just gonna drive home ã®´ã®´ã®´ã®´;fear
RT @cctvnews #Update: Man detained at Taiwan airport on Saturday tests negative for #Ebola. http://t.co/c2OEJ1vfOE;no fear
"queue for the ""just in case everyone has #Ebola and must up here"" at #Melbourne airport is much faster than waiting at luggage carousel";no fear
http://t.co/T9ZA0HhRVR -  Man recovering from Ebola quarantined at Delhi airport    #FightEbola;fear
Obama's new airport screening plan uses CUSTOMS AGENTS to spot Ebola #idiot in chief #tcot;fear
I swear if I get Ebola while I'm at the airport I'm gonna flip shit;fear
Think I got Ebola at the airport. Thanks 5sos;fear
"RT @jacksfilms At the airport Don't talk about ebola Don't talk about ebola  ""So how about this eb---onomy?"" Shit";fear
RT @etribune Health officials hold suspected #Ebola patient at #Karachi airport http://t.co/qeCVVwQ1wC http://t.co/SxVHbHRGyO;fear
Everytime I go to an airport now I feel like I'm gonna get Ebola..;fear
Contrast Amsterdam airport to Bengaluru.. a) no Form.b) No tamasha on Ebola of 2 masked men sitting c) No paperwork ev1 at immigration.;fear
TV signs warn people that #Ebola is real at Lungi Airport #Freetown #SierraLeone http://t.co/OrAn2S3NUP;fear
New arrivals at Lungi Airport in Freetown, #SierraLeone wash hands with chlorine prior to entry to airport. #Ebola http://t.co/TT1BWgGMgw;fear
Dem feels when u coughing innocently walking through airport and everybody greasing u off like u got Ebola I need ur codral not ur attitude;fear
Ebola-fearing woman wears full hazmat suit at the airport, Lol WOW, #ebola #EbolaOutbreak #EbolaDallas #breakingbad;fear
FUNNY WHEN SOMEONE'S WEARING FACE MASK IS IT ALL ABOUT EBOLA? GET A LIFE BET YOU HAVENT HEARD ABT AIRPORT FASHION http://t.co/VL51gCBfCN;fear
#BreakingNews First #Ebola Patient Just arrived on Amsterdam Schiphol Airport. Dutch Source: http://t.co/tbxPjF5ojp http://t.co/B5cEvIdoes;fear
#India limits #airport access for #flights from #Ebola hit countries http://t.co/ukqQDYMfGR;fear
Airport Strike   Laguardia Workers Claim Unsafe Conditions   Ebola   Fox   Friends http://t.co/tZL6Qf5a5h http://t.co/UO8hr89xqH;fear
5 Sick Passenger On A Emirates Plane At Logan Airport   Ebola In America   Cavuto http://t.co/UjzKNQa16i http://t.co/seeBiDSc0H;fear
'Ebola bleeding': It is beginning...LaGuardia Airport cabin cleaners walked off the;fear
when I was in Sydney's international airport everything was about Ebola;fear
If anyone comes from the dullest airport with Ebola they are taken to the hospital my moms fiance works at hahahah;fear
É??@miss_rachael_b: But how funny would it be if I took Mon to an airport, yelled out she had Ebola & left?É?ù UM;no fear
Ebola: US restricts airport arrivals from West Africa - BBC News;fear
someone went to jail for faking ebola at the airport lmao;fear
RT @maxwell_ramsey Scared of Ebola? http://t.co/r72xOoc0nk;fear
Symptoms of Ebola. I have one of them. Asdfghjkl fuck im scared.;fear
É??@KingShelton_: Niggas eat ass but scared to catch EbolaÉ?ù;fear
Bullies are always the most fearful deep down. Are we bullies? Scared of Ebola, refugee kids, the truth... #TortureReport;fear
@disclohsure hahaha but im scared now bc ebola lmao;fear
"RT @washingtonpost ""É??The Ebola fighters"" were scared. But they stayed. http://t.co/hOS3uAB9cw";fear
RT @HayesGrier Worst flight I've ever had. This dude arm was all over me  and it just sucked and ugh now I'm tired and scared of Ebola ã®´;fear
wait so are we still scared of ebola, or did we get tired of that?;fear
Fuck Im scared to get Ebola at the airportã®´ã®´ã®´;fear
Are we not scared of Ebola anymore?;fear
These obese conservatives who shovel Chik-Fil-A down their throats are all of a sudden scared of #Ebola! Ironi;no fear
People are scared, panicking over the #Ebola virus, Those folks have no #faith in #God, Where does your #faith;no fear
"but eating ass won't kill me in 7 days if left untreated   ""@KingShelton_: Niggas eat ass but scared to catch Ebola""";fear
RT @StonersBox Ebola got me too scared to pass a blunt around. From now on there will be no passing, everyone gets a piece of blunt. http://t.co/eDIuiwuhCg;fear
I am freaking scared of that ebola My troat starts to hurt now. and my muscles are hurting all over my body and i had headace all morning.;fear
that ebola shit got me scared to leave my own house tbh :(;fear
this bitch keeps sneezing im scared bc ebola;fear
What do you think of Ebola ? Do you think people shou... É?? Of course I'm scared of it... It's spreading so fast ... http://t.co/45C3dkIzq0;fear
@CaseyftChris WILL YOU STILL LOVE IT WHEN EBOLA IS EVERYWHERE??? IM SCARED;fear
RT @JAYYCAM Remember when half of you were scared of Ebola crying about it listening to the news.. Just let that sink in for a bit.;no fear
Too scared of #Ebola to visit the Serengeti? Don't be silly! http://t.co/IkXYDzHhtJ #Africa @Travelwrite1 @sacrisis @wildlifetrusts;no fear
It was a harrowing experience and I was scared when diagnosis said I had ebola. @DRada #overcomingebola @Ddoctorsonair @ClassicFM973;fear
ebola is now on my twitter. I'm scared;fear
"@TheStylesPack I believe Flu kills more people than Ebola, just that Ebola is more ""unique"", so people get more scared by it.";fear
But Morgan wouldn't go to a doctor in New York because she was scared of Ebola ã®´;fear
Who else is so scared of ebola that he/she would do this http://t.co/W9CmBhQgvF;fear
There is legit 65 signs warning about Ebola at my doctors office. Should I be scared....ã®´;fear
@scottkutach Pathetic -weak-minded-pansy-ass-guilty conservative. Texas Ebola scared ass govt afraid to hug their own Nurses heros, STFU #p2;fear
I'm scared I hope no one has Ebola around here;fear
These Ebola ads making me scared af.;fear
RT @HayesGrier Worst flight I've ever had. This dude arm was all over me  and it just sucked and ugh now I'm tired and scared of Ebola ã®´;fear
@Binty_xx scared pfft like I'd be scared of a Likkle woman, even though you probably Ebola or something worse I'm just cautious #MySexySide;fear
Man I missed the damn state fair bc my mom was scared of catching Ebola ã®´ã®´;fear
Ebola never once scared me... NO virus can survive with all the drugs in my system... *drinks from the tap in Africa* #DeadlierThanEbola;fear
RT @makoto_au_japon #SierraLeone News: Double Quarantined Family Scared of Future after Losing Parents to #Ebola http://t.co/sz2ILxnNFm http://t.co/1tj4ab6cfV;fear
I'm scared to take a flu shot but I'm also scared of Ebola ):;fear
Little sister scared of having ebola http://t.co/pevSxigbVJ http://t.co/jGv5jiqDRU;fear
Sam's scared and grumpy because he thinks he has Ebola #probablynot;fear
All of the helicopters got me scared that someone in Norwalk has Ebola or something ã®´;fear
Asked Emily if there were any fitties in Egypt and she said yeah but I was scared of getting ebola;fear
@alcoholic_ebola I'm scared tho;fear
@Bellajenx your mom is crazy for going to Africa to help ebola patient ã®´ isn't she scared to get effected ã®´;fear
i got a bruise on my hand and idk where i got it from and now im scared its like ebola or smt;fear
i'm seriously scared that my grandmas friend has ebola omg;fear
"Some people are taking ""Ebola"" as a joke and I'm just here scared not wanting to";fear
This one lady at work said that she was scared to get Ebola by touching the keypad screen... I think ur fine;fear
@BrittanyDixon_ you won't let me cuddle w you, bitches scared of getting Ebola ã®´;fear
We all have that one relative who is actually scared of Ebola.;fear
Rah Ebola Is Spreading Faster Than i Throught #Scared;fear
The guy next to me at the gas station is wearing a doctors mask... Guess he's scared of Ebola.;fear
heard about EBOLA virus! damn scared! ..... No precaution OMG!....... @Precioussam12  @Allahsaveme @ineedyou;fear
im so scared of ebola!;fear
I just scared into thinking I have ebola;fear
RT @DMackelby very disgusting that the world is scared of ethnicity people . ebola is just a africa woman why are we scared of her being in america ??;fear
Ebola scared away marginal investors. Sub-Sahara is less noisy--with better valuations--than a year ago | http://t.co/RKspSEJ9rr | #brics;fear
I'm actually so scared I'm gonna get Ebola now lmao;fear
THERE'S A PERSON WITH EBOLA IN THE NETHERLANDS TO BE TREATED HERE BUT IM SCARED THAT THE NURSES GET IT TOO AND THEN THE WHOLE COUNTRY;fear
Y'all still scared of Ebola, or nah?;fear
Everyone's getting the sick this week. I'm scared as shit it's ebola.;fear
I think Ebola got scared of the ritots so it left;no fear
some guy lookin like he fresh outta africa just scratched me and said you have aids and ebola now bitch... im scared;fear
@high_on_glitter even Aids is scared of Ebola#;fear
now am scared to bath my dogs cuz am scared of ebola....;fear
@KunsangTenzing lol I'm scared people would think I'm not taking ebola seriously haha ã®´ã®´;fear
Y'all was scared about Ebola but don't even be washing your hands after using the restroom;fear
It's funny everyone was scared of Ebola but now know one talks about it;no fear
Ft. Operation stay home, scared of #ebola. God is my keeper.;fear
Why the people who look dirty always got on masks like they scared of ebola. BITCH you look like you already got it;fear
Niggas was scared of ebola for like 10 days now Yall back to being dirty lol;no fear
All my associates are scared because they think I have Ebola ã®´ã®´;fear
Our country did a good job containing Ebola. Can't even lie man... I was scared as hell, lol.;fear
Throughout the years Y2K, BirdFlu and Ebola has scared us but the only thing that really kills people of color in America is The Cops.;fear
Ebola followed me.. Should I be scared? http://t.co/gZMMaienxO;fear
"When your boss forces you to call the doctor and go..I think he is scared to catch my ""Ebola"" ã®´ã®´";fear
I'm so scared of Ebola Virus... Godric the goosebumps..;fear
@Cmdr_Hadfield Wow! I know some people are scared of ebola but...;no fear
choppa like Ebola niggas scared to catch it;fear
People are still scared for the Ebola outbreak in west African countries;fear
Study On Current Perceptions Of Ebola Reveals Public Remains Scared And Skeptical In support of Strategies for F... http://t.co/rlcO8ImmDP;no fear
@ChiKuMijo ah yes, ebola. Maybe they'll just think you're super scared and aren't taking and risks. But they still won't know who you are;no fear
Am scared of listening to a track titled ebola...;fear
Scared About Ebola? Me too! http://t.co/WSgohsAhuf;fear
@DeltaAssist I want to book Xmas travel, but am scared of an Ebola outbreak, What's your cancellation policy;fear
Why is everyone getting sick kinda scared for my life rn #ebola;fear
All these symptoms got me scared to the point I looked up the symptoms for Ebola lol I'm cleared thoã®´;fear
Scared of this Ebola shit.;fear
I'm still scared I'm going to get Ebola;fear
I hate touching things in airports I'm so scared of getting Ebola from foreigners;fear
"Seeing an email from Clemson entitled ""Ebola Update"" scared the mess outta me just now";fear
MRW my girl sneezes and I'm still scared about Ebola but I'm also http://t.co/WhTgHWINLO;fear
"Not returning to Hell yet because I'm scared of hearing the ""Ebola"" jokes that I was smacked with the last time I went to school sick.";fear
The girl sitting in front of me at HS looks like she has Ebola. I'm scared ã®´;fear
Study On Current Perceptions Of Ebola Reveals Public Remains Scared And Skeptical In support of Strategies for F... http://t.co/nQppJoPJcY;fear
I think Ebola is going around this building.. like im scared.;fear
Boy, those people scared of Ebola were spot on in their predictions of a nationwide epidemic, weren't they?;fear
RT jadee_lynnn: TaydenFoulger I'm still scared of Ebola.;fear
@TaydenFoulger I'm still scared of Ebola.;fear
I aint gon front... that Ebola had me scared as shit. Just how uneducated I was about the whole scenario. I was losing! ã®´;fear
RT @Tokyo_Trev I'm so scared of Ebola. The disease gives u no fighting chance :(;fear
OH MY GOD I HAVE 5 OUT OF THE 8 SYMPTOMS OF EBOLA! SHOULD I BE SCARED?!?!;fear
hahaha even #isis is scared from #ebola !;fear
RT @iswefuckin Soooo Ebola just vanished huh ? I never was scared anyway expect when niggas was coughing nd bitches was sneezing. I was like gtf ã®´ã®´;no fear
When my girl sneezes and I'm still scared about Ebola http://t.co/HYNwoSQ4Cp;fear
I'd protest these recent grand jury findings, but I'm scared to leave my house due to the nationwide Ebola epidemic #Foxnews;fear
"looked up ""ebola symptoms"" got scared, looked up, ""how to banish the common cold""";fear
@marketmodel My God man!  Even with Ebola running rampant?  Slowing growth?  Fiscal Cliff?  Were you not scared?!;fear
I think everyone's almost over the ebola scare, but I'm still scared. ã®´ã®´;fear
When your sitting next to someone with an African accent and low key a lil scared ã®´#Ebola;fear
Things I'm scared of: É?ΩMoms  É?ΩEbola É?ΩDeep end of swimming pools É?ΩHaving ugly kids  É?ΩMiddle schoolers  É?ΩBirthday parties;fear
Was passing by this Chinese girl earlier with a mask on and I screamed Ebola n she got soooo scared ã®´ã®´ã®´;fear
I was genuinely scared of catching ebola and now no one talks about it;fear
Now I'm really scared about this Ebola thing;fear
Ebola scared Texas into becoming a republican state;fear
I literally got scared I had a Ebola ã®´ã®´;fear
The reason we are driving instead of flying to New Mexico is because my mom is scared of Ebola;fear
É??@joekeating__: Just received a random parcel from Hong Kong...should I be scaredÉ?ù Ebola;fear
I'm actually scared of Ebola... #whitegirlproblems;fear
É??@UCSFHospitals: We're one of just 35 U.S. hospitals designated to treat #Ebola patients: http://t.co/qeL1FeuUpbÉ?ù #scared;fear
throwing up and now I have all these aches and pains. how does Ebola feel? are we still scared of that?;fear
I want to leave the state but I'm scared because of Ebola;fear
I hate the hospital. The nurse told me to wear a mask because there was an ebola patient coming in. Scared me!!! But it was just a drill. ã®´;fear
"Switzerland / West Africa - Travel News - Ebola vaccination trial in Geneva stopped early due to patients complaints of ""joint pain"" #Ebola";fear
MdCCProject | Lewis Rubinson - 100% Discipline: Managing Patients with Ebola Virus Disease http://t.co/bFXTEVCcLP #FOAMed #FOAMcc;fear
RT @Lacrimass Things You DidnÉ??t Know About The Ebola Virus, but Should! - http://t.co/kWWr2tU4WW - #Ebola #virus #EbolaFighters #disease #facts #EVD #EHF;fear
Does Ebola infection leave people immune to subsequent disease? Citations please!;fear
Get the latest #Ebola travel advice from SecureBio:  https://t.co/Cx9nooVqyO #CBRNe keep up to date and follow us on LinkedIn.;fear
What the Ebola outbreak means for business travel - via our colleagues at;fear
Clinical Review. Ebola virus disease. http://t.co/dVB8uXb4Gm;fear
New article: UPDATE 1-Obama to hold Ebola meeting at White House, postpones trip read more at here http://t.co/JqCeTG1HHk;No fear
How Long Can Ebola Virus Disease Survive? - http://t.co/3hpZkhV7oU;fear
Public health recommendations for returning workers who are asymptomatic contacts of Ebola virus disease É?? Public... http://t.co/uSS3hLTs0p;fear
RT @PatriotFaisal As part of global fight against Ebola Viral Disease, EPP books made donations to Liberia Embassy inÉ?› http://t.co/wRfjkx76Ov;fear
Ebola virus disease (EVD), formerly known as Ebola haemorrhagic fever, is a severe, often fatal illness in... http://t.co/51k8TJQEMX;no fear
As part of global fight against Ebola Viral Disease, EPP books made donations to Liberia Embassy inÉ?› http://t.co/wRfjkx76Ov;fear
RT @HealthNexxus An experimental vaccine to prevent Ebola virus disease was well-tolerated and produced immune system responses in... http://t.co/KQnFglUEmz;no fear
RT @HaertlG .@WHO has published a new SitRep on #Ebola http://t.co/NLLHjIiuzg To note: sufficent bed and burial capacity now in place.;no fear
NEW POST:Patient-Focused Drug Development Public Meeting on Chagas Disease ebola in delaware | Brian Brown's Off... http://t.co/kWDqbvQ5ow;fear
RT @mmi_updates #healthsystems strengthening in #Ebola-affected countries. A @WHO website http://t.co/7hXJcq5CEt http://t.co/7GLZ3oz6DP;no fear
RT @TIMEHealth Ebola caregiver Foday Gallah got sick with the disease treating a family of 8 http://t.co/F6HJlEwZKH #TIMEPOY;fear
RT @folksrtalking 50 Cent Diagnosed with Ebola Virus After Trip from Africa! #prayfor50 http://t.co/OePbsvDy7b http://t.co/MZdUiFDNSr;fear
Patient-Focused Drug Development Public Meeting on Chagas Disease ebola in delaware | Brian Brown's Official Website http://t.co/hIWpmzK2e3;fear
DoctorsWithoutBorder Ebola doctors win 2014 Time award: É?›  the disease.         Henry Gray from Doctors withou...  http://t.co/02k52qgeZY;no fear
That would be great - If you could stop flying ebola victims to the us That would be great http://t.co/M4v65UD9U9;fear
The dissemination of ebola disease in west africa http://t.co/reLAopRSb8;fear
At #healthsystems for #Ebola mtng: How to enable #healthsystems to do robust disease surveillance is big question.  http://t.co/By8CCu6AQj;no fear
RT @UpToDate Learn about the epidemiology, pathogenesis, & clinical manifestations of #Ebola and #MarburgVirus disease: http://t.co/PKPCXG74nE #Liberia;no fear
RT @minaki_524 UN encourages travel to 'vibrant and alive' Ebola-hit West Africa, as de http://t.co/7I5UZZACoq http://t.co/08bOnRdqlP;fear
Ebola forces Obama to cancel campaign trip http://t.co/7a8RMLywHt;fear
[FLU]Ebola virus disease: essential public health principles for clinicians. http://t.co/eKPcvsAiQp;fear
RT @UpToDate Free UpToDate topic on the diagnosis and treatment of #Ebola and #MarburgVirus disease: http://t.co/yb7r711Vjs #Liberia #EbolaOutbreak;fear
"RT @embassymonrovia ""The US awakened the world to the scope and magnitude of the #Ebola diseaseÉ??s virulent spread in West Africa"" - #Liberian Pres. Sirleaf";fear
RT @UpToDate Learn about the epidemiology, pathogenesis, & clinical manifestations of #Ebola and #MarburgVirus disease: http://t.co/PKPCXG74nE #Liberia;fear
"v0tum: ""The Center of Disease Control Says Ebola Vaccine Only Works On White People"" is this real lol http://t.co/RtXH9CIyrj";no fear
VIDEO: Ebola like no disease Ive seen;fear
US military converting transport planes to carry wave of infected Ebola victims ... - http://t.co/ljBtWiYu3y #Flu #viruses #virus #disease;fear
RT @AfricaFactsZone Sierra Leonean Hero, Dr. Sheik Humarr Khan who treated over 100 Ebola patients in Sierra Leone later died of the disease on July 31, 2014.;fear
"""@KenyanTraffic: 13:09 People are leaving #Nairobi for Countryside as if there is #Ebola epidemic  via @himbz""it's a tradition to travel dec";fear
RT @Sandy_Maqhubela The outbreak of the Ebola Virus Disease was arrested. #DuringGEJAdministration;fear
N. #Korea seen to lift #Ebola #travel ban in Q1 of next year http://t.co/ZqSTbNbtW9 #DPRK;no fear
As part of global efforts to fight the Ebola Viral Disease, EPP Books will be making monetary and book donations... http://t.co/Z72Nnpc9Xf;fear
Committee this am looking at Ebola Virus disease resilience in London;fear
Isis and Ebola in Europe: Am I Still Safe to #Travel This Half-Term? http://t.co/4tOo73ZPEF #britishholidaymakers;fear
S\leonean Says Ebola Is Real,protect Yourselves From The Deadly Disease.;fear
RT @DCTours_za .@usatodaytravel #BeEbolaSmart! #London/Paris closer 2 #Ebola than #CapeTown! (pic @jamescapetown) #dctoursza #travel http://t.co/9Ck8tANHwL;fear
U.S. Ebola experience changes thinking about disease;fear
RT @HaertlG .@WHO has published a new SitRep on #Ebola http://t.co/NLLHjIiuzg To note: sufficent bed and burial capacity now in place.;fear
Some people actually think being Zimbabwean is a disease worse than Ebola #mamaolo;no fear
RT @HelenClarkUNDP Compelling video: @UNDP #Liberia #Ebola contact tracing work: helping fight spread of disease: https://t.co/WB8jO5Atxm @Mandeep_Dh @MarDieye;fear
Ebola is a very dangerous disease for human life especially in africa countries;fear
Fighting Ebola Why an African Travel Ban Won't Help the U,S, In the wake of the revelati;fear
RT @asassywhale ebola tweets spreadin quicker than the disease;no fear
Ebola: youve read about the disease, now buy the merchandise! http://t.co/mZ2vvs6iJC;no fear
President Ben Carson Would Have Ebola Travel Ban;fear
President Obama needs to issue a plan to prevent Ebola, I'm calling for a commercial travel ban between the US and;fear
Let fight the Ebola Disease not the Affected People;fear
Ebola virus disease Potential use of melatonin;fear
You're contagious, Ebola baby, you might need to get a shot.;no fear
"RT @folksrtalking Pastor Exposes ""EBOLA PATENT"" Owned by the Center for Disease Control to be Used As A Weapon http://t.co/653Qy75kxT http://t.co/HwPfywvqvF";fear
RT @rejphorse @KKeepit8 is ebola a contagious disease or is it like AIDS, only black people get it?;no fear
West Africa: Ebola-Affected Countries Meet On Fighting Disease http://t.co/Ic1fW9NKYZ via @feedly;fear
RT @WilliamAder Apparently people with Ebola are flying all over the country while I'm exhausted after a trip to Walgreens.;no fear
Key facts    É?Ω Ebola virus disease (EVD), formerly known as Ebola haemorrhagic fever, is a severe, often fatal... http://t.co/AbczXuub9e;fear
RT @UpToDate Free UpToDate topic on the diagnosis and treatment of #Ebola and #MarburgVirus disease: http://t.co/yb7r711Vjs #Liberia #EbolaOutbreak;fear
RT @WilliamAder Apparently people with Ebola are flying all over the country while I'm exhausted after a trip to Walgreens.;fear
Ron Paul Ebola panic is much more dangerous than the disease itself  RT http://t.co/DA3EAeoGP4 #Ebola #panic... http://t.co/znHRmQOq3R;no fear
UN Women action to confront the Ebola crisis - http://t.co/rnYdHHqsOz #Flu #viruses #virus #disease;fear
RT GRamsbottom: Change  Travel Policy to support #ebola threat #HR #insurance #health http://t.co/WyuNvrlwxU;fear
"RT @kakape ""we are only seeing the ears of the hippo"" says Amara Jambai, MoHS Director of Disease Prevention and Control about #Ebola outbreak in Kono";fear
RT @BismarkTheJoke Heard of #Ebola ?.. It's  deadly disease. Google Ebola and read about this disease.. #peace http://t.co/4rWG1LqyFK;fear
Ebola virus disease: clinical care and patient-centred research. on Sciencescape https://t.co/DytwxKou1Y;no fear
RT @HelenClarkUNDP Compelling video: @UNDP #Liberia #Ebola contact tracing work: helping fight spread of disease: https://t.co/WB8jO5Atxm @Mandeep_Dh @MarDieye;fear
RT @UNGeneva Is Ebola a disease of #poverty? Read this @UNDP blog to find out: http://t.co/HstkLjsJIe #EbolaResponse http://t.co/X57oZz3FPP;fear
Ebola Conspiracy -- Dick Gregory On Ebola Disease, Obama Secret Service Debacle, ISIS CIA ... http://t.co/Gg1pbpz0sy;no fear
UN encourages travel to 'vibrant and alive' Ebola-hit West Africa, as de http://t.co/7I5UZZACoq http://t.co/08bOnRdqlP;fear
2 UNC faculty to support Ebola research in Guinea: É?›  been cleared to travel to Guinea and other countries har...  http://t.co/ShifBLOoNR;fear
The Spread of Ebola: Information and Disease http://t.co/GiiVT4H9kb;no fear
UCSF researchers developing potential test to detect Ebola faster - http://t.co/A5ZkHVNtaI #Flu #viruses #virus #disease;fear
RT @ProMED_mail PRO/AH/EDR> Ebola virus disease - ex Africa (49): Cuba, liability, Emory case notes, susp. http://t.co/6YLzKQJ6ih;fear
#News É?¶ Call for health workers to fight Ebola: AUSTRALIAN Senator Richard Di Natale says Australian travel re... http://t.co/ETELI5SdoR;fear
An infectious disease expert explains what you need to know about the #Ebola virus;fear
@DrunkVinodMehta @RaviTripathi4 later someone should remind Modi ji Ebola is a disease not a Uttarakhand type natural calamity;fear
Call for health workers to fight Ebola: AUSTRALIAN Senator Richard Di Natale says Australian travel restrictio... http://t.co/t282dHJk1F;fear
TIME magazine got it right this year. They are honoring the silent heroes who are fighting a not so silent disease. To all EBOLA fighters!!;no fear
Obviously, number one priority after travel ban from Ebola countries is educating hospitals, Dallas hospital f;no fear
RT @TIMEHealth Ebola caregiver Foday Gallah got sick with the disease treating a family of 8 http://t.co/F6HJlEwZKH #TIMEPOY;fear
RT @HelenClarkUNDP Compelling video: @UNDP #Liberia #Ebola contact tracing work: helping fight spread of disease: https://t.co/WB8jO5Atxm @Mandeep_Dh @MarDieye;fear
@CNN So all I have to do to become person of the year is become exposed to Ebola, travel by plane to expose others? It's that easy.;fear
I want to travel the world ,but SAFELY!ã®´ã®´ #Ebola;fear
"SEATTLE! Come see my holiday hi-jinks! ""On Dasher, on Prancer, Ebola, Truvada!"" http://t.co/yJ0qUb9CN0 ONE NIGHT ONLY http://t.co/23d8dYH4r8";no fear
RT @HelenClarkUNDP Compelling video: @UNDP #Liberia #Ebola contact tracing work: helping fight spread of disease: https://t.co/WB8jO5Atxm @Mandeep_Dh @MarDieye;fear
North Korea seen to lift Ebola travel ban in Q1 of next year http://t.co/DpdtVMINj4;no fear
UCSF researchers developing potential test to detect Ebola faster - http://t.co/yxaTuOJbla #Flu #viruses #virus #disease;fear
Partially why I want to become a doctor is to learn more about the disease itself like Ebola, AIDS/HIV, and othersã®´ã®´ã®´;fear
Considering Animal To Human Transmission In Ebola Virus Disease http://t.co/WjPHc7PTHd;fear
"RT @folksrtalking Pastor Exposes ""EBOLA PATENT"" Owned by the Center for Disease Control to be Used As A Weapon http://t.co/653Qy75kxT http://t.co/HwPfywvqvF";fear
RT @Go2Africa We love @TIME's Person of the Year: The #Ebola Fighters. Read why safari travel is still safe http://t.co/REEVxIKzLc http://t.co/5CuxhOMc2E;fear
RT @folksrtalking 50 Cent Diagnosed with Ebola Virus After Trip from Africa! #prayfor50 http://t.co/OePbsvDy7b http://t.co/MZdUiFDNSr;fear
RT FontaineKary: RT TIMEHealth: Ebola caregiver Foday Gallah got sick with the disease treating a family of 8 http://t.co/JYXIPIcIms #T...;fear
TIME magazine on Wednesday named health workers at the front line of fighting the #Ebola disease as its 2014 Person of the Year.;fear
Will travel ban solve the spread of #Ebola? Great two Monday reads!;fear
Ebola nurse AmÉ?˚ber Vinson called CDC several times before flying and was cleared to fly - Government is this d;no fear
Obama urges US to stay focused on Africa as Republicans push for Ebola travel bans;fear
'Fearbola' More Contagious Than Ebola | Mennonite Wom  http://t.co/BMIiXEirM8   #ebola #mennonitewomenusa;no fear
Liberians urged to travel last mile to beat Ebola http://t.co/AiGWnx3zYo #ebola;fear
@goodhealth Reqst share wth alLur friends as much as u can,save world 4m ths deadly disease.TIME POTY:Ebola Fighters. https://t.co/d3PrqJuVkd;no fear
@donlemon The @TIME #PersonOfTheYear to the #Ebola fighters was well deserved! That disease could have ended the world! #cnntonight;no fear
RT @Luther_Fasehun @donlemon The @TIME #PersonOfTheYear to the #Ebola fighters was well deserved! That disease could have ended the world! #cnntonight @WHO;no fear
3 Things Christian Churches Can Do to Fight Ebola - http://t.co/f7bk9u6hXO #Flu #viruses #virus #disease;no fear
New Notre Dame-IUSM study examines important Ebola protein - http://t.co/aHyIduIyny #Flu #viruses #virus #disease;fear
RT @ProMED_mail PRO/AH/EDR> Ebola virus disease - ex Africa (49): Cuba, liability, Emory case notes, susp. http://t.co/6YLzKQJ6ih;fear
RT @Luther_Fasehun @donlemon The @TIME #PersonOfTheYear to the #Ebola fighters was well deserved! That disease could have ended the world! #cnntonight @WHO;no fear
Ebola is a man mad disease, made to kill off a particular population.... Don't be fooled.... They not brainwashing me...;no fear
Ebola is a man made disease. Don't believe me? You didn't even notice that it disappeared out of no where. #CallMeCrazy #ConspiracyTheorist;no fear
"RT @reissasu Ebola Vaccine Shows High Immune System Response In Early Tests; Australia Lifts Travel Ban on Congo - http://t.co/03HAuuv5uA #Ebola";fear
#Ebola PRO/AH/EDR> Ebola virus disease - ex Africa (49): Cuba, liability, Emory case notes, susp. http://t.co/BcJGUDOHBV;fear
Top infectious disease researcher says 'risk is real' for Ebola to become airborne;fear
Are you kidding? RT #NBCNews WH Travel ban from countries with Ebola outbreaks 'not on the table' at this time;fear
http://t.co/T9ZA0HhRVR -  New York's Disease Detectives Hit The Street In Search Of Ebola    #FightEbola;fear
#Ebola PRO/AH/EDR> Ebola virus disease - ex Africa (49): Cuba, liability, Emory case notes, susp. http://t.co/772QINyuKD;fear
"RT @_GEEKLY_ I swear everything that's going on with this Ebola disease is what happened in ""Contagious"".";fear
RT @ProMED_mail PRO/AH/EDR> Ebola virus disease - ex Africa (49): Cuba, liability, Emory case notes, susp. http://t.co/6YLzKQJ6ih;fear
Liberians Urged To Travel Last Mile To Beat Ebola http://t.co/gNQa7WSUGV;fear
"RT @RealLifeSarah Did anyone see the @TIME Person of the Year today? ""Ebola Fighter!"" Lots of great orgs fighting that disease #hashchat";no fear
#Ebola PRO/AH/EDR> Ebola virus disease - ex Africa (49): Cuba, liability, Emory case notes, susp. http://t.co/RcDWya7KNh;fear
RT @folksrtalking 50 Cent Diagnosed with Ebola Virus After Trip from Africa! #prayfor50 http://t.co/OePbsvDy7b http://t.co/MZdUiFDNSr;fear
RT @michaella_c98 *is home all day* Family does nothing *goes for 40 min run* Family decorates Christmas tree, throws party, takes trip to Africa, cures Ebola;no fear
PRO/AH/EDR> Ebola virus disease - ex Africa (49): Cuba, liability, Emory case notes, susp. http://t.co/6YLzKQJ6ih;fear
A Sierra Leone district is to hold a 2-week Ebola 'lockdown' in bid to halt the disease's spread. http://t.co/FJdzyeY1tH;fear
#Ebola PRO/AH/EDR> Ebola virus disease - ex Africa (49): Cuba, liability, Emory case notes, susp. http://t.co/r4TfFHOem5;fear
#Ebola N. Korea seen to lift Ebola travel ban in Q1 of next year - Yonhap News http://t.co/jb5DaJRkbd;no fear
Whoa, first medical centre I've rung where their message begins with an Ebola related travel history question. Times have changed.;fear
RT @chuckbhai #IfEskomWasA disease it would be ebola;no fear
so over the ebola jokes tho. like its a fuckin deadly disease and if yo ass had it you wouldn't be laughin. stfu and quit bein insensitive.;fear 
According to UNICEF, 4,000 children in West Africa have been orphaned by Ebola Virus Disease (EVD). More llater this week @WhigStandard;fear 
DEC 13. Free Holiday Benefit Concert. All proceeds towards fight of Ebola in Liberia. http://t.co/OhDv6N0iKl #NYC #Christmas #freeconcert;fear
@ranceypants jus so you know Ebola is a human disease, its not restricted to Africa. Dont know why you said that. Its not even in Malawi;fear 
Ebola Virus Disease Quiz for Android http://t.co/qYQZElj6xe;no fear
K.... Umm.... Idk if I should go to school tomorrow ã®´ this isn't a safe world any more... There's Ebola and now a new disease spreading...;fear
CDC: Top 10 Things You REALLY Need to Know About Ebola - http://t.co/WwgjCXJKOB #Flu #viruses #virus #disease;fear
Curious if #SpeakerBoehner includes the U,S, In his list of ebola outbreak countries for a travel ban, Or mayb;fear
"Pres Obama""I am absolutely confident that we can prevent a serious outbreak of the disease (#Ebola) here in th";fear
Why is a hospital not trained in infectious disease control? #dallaspresby counsel working OT #Ebola;fear
Sierra Leone diamond zone hit by largely hidden Ebola outbreak - http://t.co/OZUXH03Yml #Flu #viruses #virus #disease;fear
@AlainaVertino good go to Africa and get a disease or Ebola that's fun;no fear
Throwback to Ebola, the little disease that could;no fear
Implementation of emergency grant aid in response to the Ebola virus disease outbreak in West  #Africa #sociolingo http://t.co/lYDGoD1thZ;fear
Ebola, the disease and its impact  conversation with Dazia Fumbah, Executive Director of Our Seeds Tomorrow,   https://t.co/eTKrs6906Z;fear
season 1 episode 3 said Ebola as a very bad disease!!!;no fear
National Geographic| Ebola virus disease- History channel - bbc Documentary | Ian Dixon http://t.co/XCp9lH2d9x http://t.co/RDYliWZeyu;fear
RT @AndreaLeigh99 I wanna travel but either I'll catch friggen Ebola or the people will capture me and use me as a sex slave;fear
There's a cure to ebola and cancer , as with ever disease allah SWT sent , there is a cure . Don't need medicine , the traditional way :D;no fear
"RT @Serfbortz Bye at the Ebola song. ""@4Yonce: Contagious #Summerella https://t.co/fENY0Ii3ZA""";no fear
Liberia's president tells Congress help needed to stamp out Ebola, prevent ... - http://t.co/5WoXSv6ioY #Flu #viruses #virus #disease;fear
Time magazine to feature healthcare workers fighting Ebola - http://t.co/klqbEaw36J #Flu #viruses #virus #disease;no fear
UN encourages travel to 'vibrant' Ebola-hit West Africa http://t.co/jODievlqIX;fear
"#1 FB topic in 2014 ""Ebola"",Wrld Cup #6. Wow,in the US, even disease is more popular than Soccer.";no fear
"why do people feel the need to say, ""EBOLA"" all the time? It is a serious disease.";fear
Travel companies hopeful of Q1 relaxation of anti-Ebola measures in DPRK: http://t.co/qU3b66Czv0;no fear
Humanitarian Potential of ParaZapper MY with Ebola Viral Disease http://t.co/tD4MQj2zWU #Health;fear
RT @TomDuranteNYDN LOVE IN THE 'TIME' OF EBOLA: Caregivers of deadly disease named magazine's Person of the Year: http://t.co/7UqQlznLAa via @meg_wagner;fear
"""@MRSAaid: ThatÉ??s a first. Apart from #Ebola, stories on infectious disease in the US & Canada are generally ignored. Opinions? "" Agreed!";fear
RT @prchovanec RT @nknewsorg Good news if you're planning a trip to North Korea: ebola restrictions set to be lifted http://t.co/bc8yBlqlC6;no fear
UTMB professor among Time 'Person of Year' Ebola group - http://t.co/mOjjLtP42n #Flu #viruses #virus #disease;no fear
Ebola Is Not An African Disease, and Africa is NOT A Country | Miss Awa's Blog http://t.co/cMbxAugd5W;no fear
RT @RavenLilyGirl #Obama allows Ebola carriers & undocumented aliens 2 endanger us w/pandemic disease but #Conservatives are the enemy? http://t.co/aTotTXZM1P;fear
RT @Panasonic_IFEC #PanasonicAvionics to provide critical communications on board a flying hospital used to transport Ebola patients #eXConnect @lufthansa;fear
@mad_iba what about 2 dollars to fight a real issue like heart disease or clean water?? #ebola was a made up problem by the media;no fear
#Ebola is not a respiratory disease & is not spread through the airborne route. http://t.co/38aSxPLAVx #GetTheFacts;no fear
Update: The Latest on Ebola and Travel http://t.co/FA5h4zmizS;fear
The ebola virus disease (evd) imported into the country in july showed the high risk health workers are exposed... http://t.co/BiqsD0XT2Q;fear
Thanks SIUE for being concerned about us contracting Ebola over the holidays with all our travel. #goodlookingout #imsuperworried;fear
EBOLA VIRUS DISEASE - WEST AFRICA (223): LIBERIA BAN, PROTECTIVE GEAR, SCHOOLS, CORRECTION ProMED-mail | http://t.co/GQDZRs8Blw;fear
RT @USAIDGH How is #mhealth aiding the fight against #Ebola &how will it evolve for managing future disease outbreaks? #mhealth14 http://t.co/8vjWlF5hvW;fear
"""My hope is bottomless until I can't breathe"" ""These cops kill more Americans than the Ebola disease"" - @bryonnbain #OpenSeason";no fear
É??We didnÉ??t invent Ebola. ItÉ??s just a disease that exists there. Like, are we going to be blamed for inventing malaria too? ~Angelique Kidjo;no fear
Protecting health workers from infections: The Ebola Virus Disease (EVD) imported into the country in July sho... http://t.co/jeoNIHVlFe;fear
"RT This pic can cure aids, ebola, cancer & any other disease ""BiankaSMoreira: #MTVStars Beyonce #MTVHottest Beyo... http://t.co/T1rpynhvzR";no fear
RT @spulliam É??Ebola is a humiliating disease that strips you of your dignityÉ?ù Kent Brantly, in Time's POY http://t.co/aKHpXMydcD http://t.co/t4FpgqAVZf;fear
2014 Time 'Person of the Year' goes to Ebola workers - http://t.co/T8sgEBfWMl #Flu #viruses #virus #disease;no fear
@Menichelli124 @alexa_minichell U are scaring her. Ebola is contagious;fear
RT MackayIM: By 01JAN2015, to treat & isolate 100% of #ebola virus disease cases & bury 100% of patients who die safely & with dignity  1/2;fear
RT @UpToDate Free UpToDate topic on the diagnosis and treatment of #Ebola and #MarburgVirus disease: http://t.co/yb7r711Vjs #Liberia #EbolaOutbreak;fear
Protecting health workers from infections http://t.co/DKRIBh58SQ The Ebola Virus Disease (EVD) imported into the country in July showed...;fear
RT @HelenClarkUNDP Compelling video: @UNDP #Liberia #Ebola contact tracing work: helping fight spread of disease: https://t.co/WB8jO5Atxm @Mandeep_Dh @MarDieye;fear
RT @MAHAMOSA @TIME GREAT CHOICE! Way to put #publichealth #prevention on the front page :) #CDC #mph #health #poverty #Africa #hunger #disease #ebola;no fear
Latest data 10/12/14 from @WHO #Ebola    http://t.co/d5sb5YMKPq;no fear
#Protect your self from infections and sexually transmitted diseases like HIV or AIDS or even Ebola the latest disease;fear
"RT thedoctorisYin: Germany Alliance in Atlanta is having a talk on ""Ebola virus disease and global mobility"" by dr. Katrin Kohl from CDCgov";fear
@2footgiraffe my daughter works in an infectious disease lab-I got her ebola! Strange way the science mind works!;fear
"@cschone44 ""Hi! Nice to meet you! Say, ebola isn't contagious if just shake hands, is it?""";no fear
Well,Cheers. Contrary to most posts, #disease has killed more than 6000. #Ebola Fighters @TIMEÉ??s Person Of The Year http://t.co/hlofoMATJv;fear
RT @HelenClarkUNDP Compelling video: @UNDP #Liberia #Ebola contact tracing work: helping fight spread of disease: https://t.co/WB8jO5Atxm @Mandeep_Dh @MarDieye;fear
Journalist Who Contracted Ebola Now Disease-Free http://t.co/bnNekZVuQl;no fear
time's photo http://t.co/fui4GyuptN #ebola #time #disease #time;no fear
RT @HelenClarkUNDP Compelling video: @UNDP #Liberia #Ebola contact tracing work: helping fight spread of disease: https://t.co/WB8jO5Atxm @Mandeep_Dh @MarDieye;fear
"RT @MackayIM ""The national trend in #Guinea since early October has been slightly increasing"" #Ebola   http://t.co/0iXdu45AKI";fear
Hey, this is some good news: WHO seems pretty sure Ebola is declining in Liberia. http://t.co/iqwdK0BOQl http://t.co/3o48AUMCFa;no fear
"'On average, 17 contacts were listed per new case in #Guinea"" #Ebola  http://t.co/0iXdu45AKI";fear
"RT @MackayIM ""The national trend in #Guinea since early October has been slightly increasing"" #Ebola   http://t.co/0iXdu45AKI";fear
By 01JAN2015, to treat & isolate 100% of #ebola virus disease cases & bury 100% of patients who die safely & with dignity  1/2;fear
How John Moore Covered the Ebola Outbreak - http://t.co/W3kDpgibHM #Flu #viruses #virus #disease;no fear
Time's person of the year: the Ebola fighters - http://t.co/izvUyJQyvJ #Flu #viruses #virus #disease;no fear
Magazine, CDC director pay homage to Ebola teams - http://t.co/kZ2r8YB0Aq #Flu #viruses #virus #disease;no fear
"RT @MackayIM ""The national trend in #Guinea since early October has been slightly increasing"" #Ebola   http://t.co/0iXdu45AKI";fear
"""The national trend in #Guinea since early October has been slightly increasing"" #Ebola   http://t.co/0iXdu45AKI";fear
@TIMEHealth: #Ebola #caregiver Foday Gallah got #sick with #disease #treating a #family of 8 http://t.co/gEZsIjHwxI #TIMEPOY #SelflessHero;fear
https://t.co/nFBxT4CrsI  What weÉ??re most focused on is our health.   More than a third of the papers are about diet and disease. If Ebola dÉ?›;fear
RT @UKCivilService I'm a civil servant and I... protect the UK from exotic disease like #Ebola & #birdflu http://t.co/jumEjWZanM #OurCivilService #TIMEPOY;fear 
Sierra Leone diamond zone hit by largely hidden Ebola outbreak - http://t.co/m0dLXwPpn0 #Flu #viruses #virus #disease http://t.co/pW3MSHip6O;fear
RT @BangGoesSci How contagious is ebola? Here are some R0 values for some common diseases http://t.co/OnjAj9gtlz;fear
.@OTMBrooke debriefs on her trip to #Liberia, and how Ebola is changing journalism, democracy, and discourse there: http://t.co/LNJeuFmJsO;fear
Preaching for charity for ebola yet travel in separate private jets seriously?! Yet scrounge money off hard up families before Christmas..;no fear
"RT @healthandcents ""Ebola is Not an Airborne Disease."" Don't Bet Your Life on It! --> http://t.co/ZDUhA2biNn @FloridaRob7 #Ebola #TCOT @BarrieNJ @WayneBogda";no fear
HR's #Ebola Update #ADA Compliance, Leave, Travel #Policies Workplace Safety Answers-- live web event 11-19;fear
"RT @healthandcents ""Ebola is Not an Airborne Disease."" Don't Bet Your Life on It! --> http://t.co/ZDUhA2biNn @FloridaRob7 #Ebola #TCOT @BarrieNJ @WayneBogda";no fear
Ebola Is Not An African Disease, and Africa is NOT A Country | Miss Awa's Blog http://t.co/oDpZDcXd8e;no fear
RT @RexPeretz And for fuck's sake people, send a holiday card to the Ebola Czar. He is terribly, terribly lonely and depressed this season.;no fear
"RT @kpappas1955 ""@UN: Spread the word, not the disease. Help share these Ebola facts from @WHO: http://t.co/wfRJuizEqX #EbolaResponse""";no fear
RT @UKCivilService I'm a civil servant and I... protect the UK from exotic disease like #Ebola & #birdflu http://t.co/jumEjWZanM #OurCivilService #TIMEPOY;fear
RT @JamieDMJ Remember when we all fought that disease thing (ebola?) by pouring chilled water on our head? Crazy times. Crazy, crazy times. #2014;no fear
TAW editor @mindypoder's firsthand account of traveling to Africa during Ebola Hysteria: http://t.co/0oxNcIBBjR @TravelAgeWest;fear
So...We had a medical emergency while in the air...my first thought #Ebola #flying #AirplaneDrama #weareallgoingtodie! É??ã˜èã®´ã®´É?ˇã˜èã®´ #scaredycat;fear
Ebola be one fucking disease.;fear
WHO Desember 10  #Ebola situation report http://t.co/QIN4HwtbPu;fear
On ferry from airport To Freetown proper longer trip than I thought in dark more #ebola coverage on #skynews next wk http://t.co/tI7N3TnRdT;fear
RT @USAIDGH How is #mhealth aiding the fight against #Ebola &how will it evolve for managing future disease outbreaks? #mhealth14 http://t.co/8vjWlF5hvW;fear
N173PA and N163PA both biocontainment G-IIIs flying to West Africa.  Earning their government contract aye? #Ebola #Dakar #tcot @glptweets;no fear
RT @sociolingo Implementation of emergency grant aid in response to the Ebola virus disease outbreak in West African countries, the http://t.co/6k7KkDGi5I;fear
Behind the Changing Forecast for #Ebola Infections:  In September, the Centers for Disease Control and Prevent... http://t.co/EChfKMu2pS;fear
Ebola Virus Disease Ñ¨?ë¸Ωë??á??ëÓ?ë??ë??  http://t.co/yayGNv2wtQ via @ShareThis;fear
RT @TXRangersBBGAL #Ebola is a disease that can affect anyone, anywhere. It's not an excuse for your ignorance or racism.;fear
#Ebola is a disease that can affect anyone, anywhere. It's not an excuse for your ignorance or racism.;fear
West Africa: Ebola-Affected Countries Meet On Fighting Disease  | allAfrica | http://t.co/xdPHxyhm6i;fear
RT @kepci Am inspired by the medic that are risking there live just to fight this #Ebola disease real heroes #EbolaFighters;no fear
RT @USAIDGH How is #mhealth aiding the fight against #Ebola &how will it evolve for managing future disease outbreaks? #mhealth14 http://t.co/8vjWlF5hvW;fear
RT @datascigeek Hot off the press: Marty Cetron: CDC Taps Big Data to Monitor Travel in Ebola-Hit Regions http://t.co/J3Mfytb70d #BigData;no fear
Behind the Changing Forecast for Ebola Infections:  In September, the Centers for Disease Control and Preventi... http://t.co/g3aUBr8KOk;fear
W.H.O. Forecast for Ebola Worsens as Disease's Footprint Widens http://t.co/aUQDTpZs5a;fear
RT @USAIDGH How is #mhealth aiding the fight against #Ebola &how will it evolve for managing future disease outbreaks? #mhealth14 http://t.co/8vjWlF5hvW;fear
"RT @kpappas1955 ""@UN: Spread the word, not the disease. Help share these Ebola facts from @WHO: http://t.co/wfRJuizEqX #EbolaResponse""";no fear
RT @kunzangpalyul Join us to accumulate  MILLIONS OF MANI MANTRAS dedicated to those with Ebola or incurable disease.   Mani Mantra:  OM MANI PEDME HUNG;fear
RT @USAIDGH How is #mhealth aiding the fight against #Ebola &how will it evolve for managing future disease outbreaks? #mhealth14 http://t.co/8vjWlF5hvW;fear
Re: Travel Ban  OTS: I think since lots of travel bans are happening the countries affected by ebola won't take it so personally #EbolaOTS;fear
Dr. Myron Glick '88 to speak at 8pm in dining hall about #Ebola and his recent trip to #SierraLeone to set up a clinic.;no fear
APO Afrique - Implementation of emergency grant aid in response to the Ebola virus disease outbreak in West Af... http://t.co/s0PFcAqBwz;fear
Dr. Myron Glick '88 to speak at 8pm in dining hall about Ebola and his recent trip to Sierra Leone to set up a clinic.;no fear
The pain of victims battling the Ebola disease is unimaginable. No act of kindness, no matter how small, is ever wasted. Join the fight;fear
Remember your brave #Ebola caregivers and those preparing to care this holiday season http://t.co/HmJkjYvj2F;no fear
"(1/2) @HansRosling says it is not good enough that Ebola cases are declining; disease must be eliminated http://t.co/ofZVg1FhiK";fear
Since #EBOLA i'm yet to hear of any efficient and disease-specific models of prevention and specialised care.;fear
RT @UpToDate Free UpToDate topic on the diagnosis and treatment of #Ebola and #MarburgVirus disease: http://t.co/yb7r711Vjs #Liberia #EbolaOutbreak;no fear
RT @UpToDate Learn about the epidemiology, pathogenesis, & clinical manifestations of #Ebola and #MarburgVirus disease: http://t.co/PKPCXG74nE #Liberia;no fear
How Long Can Ebola Live? - http://t.co/olY1dZ1tBC #Flu #viruses #virus #disease;fear
RT @critcareguys Read the latest Critical Care Pearl on The Critically Ill Patient with Ebola Virus Disease at http://t.co/XDB7pUte0J;fear
Implementation of emergency grant aid in response to the Ebola virus disease outbreak in West African ... - http://t.co/hPSMkCsQfH;fear
Abuja authorities investigating first suspected case of Ebola disease - #health http://t.co/mVvfZcqF1h;fear
How not to contract Ebola Virus Disease (5 simple ways) - http://t.co/iDImew22m6 http://t.co/6feYbK61cP;fear
She was in Kenya! RT @WTOP Teacher told to take leave after African trip, even tho visit was far from Ebola ou;fear
RT @HCCoalitions Different rules for Ebola waste disposal when compared to other disease processes. #NHCC14 @MESHintel;fear
"RT @DavidFurstNYT ""Ebola is an insidious disease. It turns compassion into a danger.  It turns survival in a haunting source of guilt"" http://t.co/inj8CPvmQA";fear
'We were slow': WHO admits mistakes in Ebola response - http://t.co/O0zFaKQ0fy #Flu #viruses #virus #disease;no fear
Liberian President: Help Needed to Stamp out Ebola - http://t.co/cIUsvMgtuO #Flu #viruses #virus #disease;fear
RT @wendywallce .@Poynter & @AHCJ workshop on covering Ebola/infectious disease. Free thx to @McCormick_Fdn Apply by 12/18 at http://t.co/LjB1RfhDwa;no fear
ECA to launch report on the economic impact of the Ebola Disease Virus on Africa (UNECA - United Nations E #WorldNews http://t.co/3Q5gK2Wj2I;no fear
Gabriel: US managed 100s of patients with similar symptomology as Ebola Virus Disease  #nhcc14;fear
DPHS updates Frequently Asked Questions on #Ebola Virus Disease http://t.co/Dq5BQ3bGBj;fear
help fight #ebola during the holiday season donate, please! http://t.co/U2BUsGxt94;fear
RT @suprshok Ebola Death Toll Approaches 6,400 as Disease Spreads in Sierra Leone. @DrRyanMoore @SexyJane99 #LEXYJANE. http://t.co/d9xnyk0gDX;fear
Trial underway to test favipiravir for Ebola virus disease http://t.co/6iylljLZYf Related study in ScholarsArchive: http://t.co/Dwoqh4PvOV;fear
i think thats pretty badass of humanity to contain ebola like that, considering were all flying in and out of eachothers countries;no fear
State Surgeon General: Florida Hospitals Are Prepared for Ebola - http://t.co/8fQ6FKLfzA #Flu #viruses #virus #disease;no fear
CDC director 'encouraged' by $5.4 billion spending plan to fight Ebola outbreak - http://t.co/VtLtGYx8Bf #Flu #viruses #virus #disease;fear
2nd Ebola Nurse Violated Guidelines By Flying on Plane http://t.co/bQaqO0Mprj;fear
(Me on the news after getting Ebola) Yeah this disease really sucks. But what makes me even more sick is all this police brutality going on.;fear
É??@MiyagiDad: @BeautyQwKEEn I know a round trip is 1500É?ù- plus Ebola NAH WE GOOD;fear
Person of the Year 2014 'The Ebola Fighter' Some one in the world who heal over someone from Ebola disease. http://t.co/igBJToUMCh;no fear
Implementation of emergency grant aid in response to the Ebola virus disease outbreak in West African countrie... http://t.co/uHEeRlUsco;fear
@TIME The way I see it, all local health departments that educate on procedures involved in infectious disease, they are also Ebola fighters;fear
RT @suprshok Ebola Death Toll Approaches 6,400 as Disease Spreads in Sierra Leone. @DrRyanMoore @SexyJane99 #LEXYJANE. http://t.co/d9xnyk0gDX;fear
Ebola Death Toll Approaches 6,400 as Disease Spreads in Sierra Leone. @DrRyanMoore @SexyJane99 #LEXYJANE. http://t.co/CqHC4rpHwC;fear
My Person of the year, Dr. Rob Fowler Sunnybrook Hospital, Toronto, 5 trips to treat Ebola disease in Africa, now teaching others to do same;no fear
people must be educated about the ebola disease.;fear
Travel bans will increase the damage wrought by #Ebola says @UPMC_CHS leadership http://t.co/8kcOuMDXap #EbolaResponse;fear
"Where art thou Ebola? What happened to this ""uncontrollable"" spread of this disease? lol";no fear
Implementation of emergency grant aid in response to the Ebola virus disease outbreak in West African countries,É?› http://t.co/JykwuaOxRY;fear
Crowdsourced science project allows volunteers to help scientists find Ebola cure - http://t.co/Chlwe5x3T3 #Flu #viruses #virus #disease;fear
RT @UNSMILibya @WHO: Workshop on Assessment of Preparedness Measures for Ebola Virus Disease in #Libya: http://t.co/Kjfcqdfcju;fear
RT @notsterno Super creative and powerful #holiday #ebola campaign from @scosl: http://t.co/2omsP2EFWP #PassThePresents;no fear
RT @Purpose Super creative and powerful #holiday #ebola campaign from @scosl: http://t.co/ObX8Ab3RYY #PassThePresents;no fear
RT @bayhaus 09:02 Are they scanning people flying into SA for Ebola too or is it only carried in buses? #BeitBridgeBorderReport http://t.co/YPJO9TFnGH;fear
RT @Care_Med Interviewed the pretty and amiable Dr Ada igonoh  one of the doctors that survived Ebola disease onÉ?› http://t.co/u3E6BxtANq;no fear
RT @AfricaOTBlog Ebola Virus Disease- Implications for Africa and Recruitment of HealthCare workers in Diaspora http://t.co/gpMMEGJebr;fear
Implementation of emergency grant aid in response to the Ebola virus disease outbreak in West African co... http://t.co/kSG3joPZMf #LnCP;fear
International flying=screening for Ebola.;fear
RT @wendywallce .@Poynter & @AHCJ workshop on covering Ebola/infectious disease. Free thx to @McCormick_Fdn Apply by 12/18 at http://t.co/LjB1RfhDwa;no fear
The #Ebola epidemic is a symptom of the disease called the lack of preparedness. We are only as safe as our weakeat link. @DrFriedenCDC;fear
"""im not keen on flying what if we fly over a county with Ebola and catch it!""";fear
@ESSENCE_Debates Is it a surprise .When two White Americans contracted the disease. That was when America took notice of Ebola.;no fear
Ebola: WHO emergency team holds talks on travel curbs on http://t.co/rC8o7cK5HW;fear
Ebola is the devils disease;fear
Ebola makes it clear, dirty broken systems breed disease:   http://t.co/w6MXgzqdza http://t.co/bAvQ8o64aq;fear
Implementation of emergency grant aid in response to the Ebola virus disease outbreak in West African countries,É?› http://t.co/BA2JCfM0O9;fear
Health Officials Try to Quell Fear of Ebola Spreading by Air Travel - New York Times http://t.co/MFwTR2r5mX;fear
RT Traveling to Africa During Ebola Hysteria : TravelAge West: http://t.co/5nS74kNqur;fear
Not to diminish the work of doctors in fighting the deadly disease of #Ebola, but another choice would've made a bigger impact IMO.;no fear
Guidance: Ebola virus disease: returning workers who are asymptomatic contacts http://t.co/WRKGLK0iFM;fear
we used to be one, so lets act as one people. if ebola or some other random new emergent disease, affects humans,... http://t.co/K99Lchs6LR;fear
"""Hating is contagious that shit like ebola""";no fear
We're going to spend $5.4B fighting Ebola?! How about not importing the disease and using that $$ to fight cancer? Save 000s of Americans;fear
Dr H contrasts gun violence epidemic with Ebola epidemic. Must understand the science of the disease to interrupt transmission! #GVFreeMke;no fear
Alexander Calls for Restricted Travel from Ebola-Infected West African Countries to U.S. http://t.co/a0IkzsUF5N #UnitedStates #News;fear
.@RutgersU infectious disease chief developing rapid, golf-ball sized Ebola test with @NIH grant http://t.co/GdtleRbd0n;fear
RT @MarkeyMemo My plan for battling #Ebola & future disease outbreaks: Detect É?? Treat É?? Protect É?? Prevent É??  More in @telegramdotcom http://t.co/2ckm8qaGbV;fear
RT @beejonson I marvel at doctors who took sworn oaths to save lives & try nt to help with the ebola disease in Africa. Y'all are a shame to ur profession;no fear
Considering Animal To Human Transmission In Ebola Virus Disease http://t.co/WjPHc7PTHd;fear
Implementation of emergency grant aid in response to the Ebola virus disease outbreak in West African countries,... http://t.co/1bwcqmLx2x;fear
$5.4bn for #Ebola? That's what? $900MM per American who caught the disease? We can't use that money elsewhere? Like #Orion? #Congress;no fear
Good #TIMEPOY choice. They're courageous to fight a disease that could kill them RT @TIME Ebola Fighters are TIMEÉ??s 2014 Person of the Year;no fear
"RT @PublicIntLaw #Ebola is a are rare disease, endemic to poor countries-hence we do not have vaccines; the reasons are marketforces,not regulation #durc2014";no fear
RT @ICT_magazine Infectious Disease Experts Say Guidelines for Treatment of Ebola Patients are Needed Urgently http://t.co/OJtsbDhFd0;fear
RT @MarkeyMemo My #Worcester @telegramdotcom op ed on new ways for battling #Ebola & future disease outbreaks É?? http://t.co/XbN74MnmUi;fear
Experts suggest that Ebola survivors should be used to help contain the disease, as they're immune from reinfection: http://t.co/DI03VXbLKn;no fear
Photo: cranquis: brighid45: npr: No, Seriously, How Contagious Is Ebola? Comparisons like this make my... http://t.co/HfyrMQ5D53;fear
The good side to contacting ebola is that if you happen to survive the disease, you become immune to it.;no fear
RT @UpToDate Free UpToDate topic on the diagnosis and treatment of #Ebola and #MarburgVirus disease: http://t.co/yb7r711Vjs #Liberia #EbolaOutbreak;no fear
Ebola Virus Disease- Implications for Africa and Recruitment of HealthCare workers in Diaspora http://t.co/gpMMEGJebr;fear
RT @owurakay_ Thank God dis Ebola disease noe reach Ghana yet,some people jux lack manners when they are in a cab. Rubbing urself all over me saa,ad3n?;no fear
É??@Terence_Huie: Speaking of Ebola... did Ebola just disappeared? Coulda sworn the experts said the disease was rapidly spreading.É?ùRIGHT;no fear
#Africa #Ebola virus disease outbreak: Implementation of #Japan's emergency grant aid @MofaJapan_en @WHO #Health http://t.co/y0GtyAHydS;fear
"RT @LowKeyLo__ É??@UniqueKianaa: Did anyone else notice how all the news about Ebola just seemed to...disappear?É?ù Just like every other ""disease"" every year";no fear
"Dallas #Ebola doc ""travel information was not easily visible in my standard workflow...this has now been modified"" http://t.co/5Gwbt4kGw7";fear
Surgeon dies of Ebola at Nebraska hospital after contracting disease in Sierra ... - New York Daily News;fear
RT @MarkeyMemo My #Worcester @telegramdotcom op ed on new ways for battling #Ebola & future disease outbreaks É?? http://t.co/XbN74MnmUi;no fear
Prez Sirleaf says Liberia is now in the most critical phase of its Ebola fight --> chasing down all contacts of disease victims @CQnow;fear
This year #mHealth has risen to the challenge of cross border disease outbreak (#Ebola). @PattyMechael #mHealth14;fear
How and why has this #mysterious disease, #ebola come about in Africa?  There is still a lot more we don't know about the #origin of #ebola.;fear
President Sirleaf - stigma surrounding Ebola is as bad as the disease itself. #EndEbola;no fear
"#Ebola is a are rare disease, endemic to poor countries-hence we do not have vaccines; the reasons are marketforces,not regulation #durc2014";no fear
@WHO: Workshop on Assessment of Preparedness Measures for Ebola Virus Disease in #Libya: http://t.co/Kjfcqdfcju;no fear
Liberians urged to travel last mile to beat Ebola http://t.co/AiGWnx3zYo #ebola;fear
Last mile to zero new #Ebola cases will be much more difficult, because the disease must now be chased down in every corner, says Sirleaf.;fear
@WNTonight Wag noted earlier that all Ebola victims in US had got the disease helping others, so no threat to GOP. GOP will whine now.;no fear
Company developing saliva test for Ebola - http://t.co/2nYqbuoHuv #Flu #viruses #virus #disease http://t.co/3QPDUAijx2;fear
"RT @embassymonrovia ""The US awakened the world to the scope and magnitude of the #Ebola diseaseÉ??s virulent spread in West Africa"" - #Liberian Pres. Sirleaf";fear
RT @medpagetoday Dr. Lowell Gess heading to Sierra Leone to treat eye disease patients, risking exposure to Ebola http://t.co/o7OZK80Kwg via @Marketplace;fear
RT @InsightBrief Predicting to prepare/to prevent RT @wef: From #SARS to #Ebola, how #bigdata fights disease http://t.co/BEEgRNebnM http://t.co/mcBPKckw9r;fear
RT @CoFemale Time made the right decision. The Ebola Fighters fight this disease at their own peril. Ferguson Protestors protest for themselves.;no fear
RT FluTrackers: #Ebola Virus Disease in Health Care Workers É?? #SierraLeone, 2014 http://t.co/qSJJuB3BIa h/t nola_mnr;fear
Sierra Leone district to hold 2-week Ebola 'lockdown' in bid to halt disease's spread;fear
Foundout.. Album: A suspected #Ebola case reported to the Centers for Disease Control ... T... http://t.co/1iZZVWwJvh ..#Ebola..#Nigeria;fear
Ebola Virus: Frequently Asked Questions: Ebola virus disease (formerlyÉ?› http://t.co/Bx2uwXkYWF (on http://t.co/kShk7v2gTf);no fear
RT @MarkeyMemo My #Worcester @telegramdotcom op ed on new ways for battling #Ebola & future disease outbreaks É?? http://t.co/XbN74MnmUi;fear
Infectious Disease Experts Say Guidelines for Treatment of Ebola Patients are Needed Urge... http://t.co/ICvakyx27Y | #UMI Medical Waste;fear
